Full Name,Picture,Subscribers,Link,is_verified
Jess No Limit,https://yt3.ggpht.com/a/AATXAJx6TA_TtAOviVT8pBvDHBhrG0ohubwjSC_1PGfHnw=s480-c-k-c0xffffffff-no-rj-mo,17000000,https://www.youtube.com/channel/UCvh1at6xpV1ytYOAzxmqUsA,False
iKON,https://yt3.ggpht.com/a/AATXAJwlAWEppVXPYAAImAm8PifOW6I9FZF1AFvSHyG3=s480-c-k-c0xffffffff-no-rj-mo,7050000,https://www.youtube.com/channel/UCWxCyZibDIWIrGIgP25mbfw,False
animasinopal,https://yt3.ggpht.com/a/AATXAJyRrqyPZhAtm7cdnZzLerwjJEDPekW1M2-hkh5W7Q=s480-c-k-c0xffffffff-no-rj-mo,5850000,https://www.youtube.com/channel/UC5IA7MpYcbhbA28RgyQrV0A,False
YG ENTERTAINMENT,https://yt3.ggpht.com/a/AATXAJxZaz2BR6wumxv5V1bpM_VZvVZ7Ss4DdxLoN9ciUw=s480-c-k-c0xffffffff-no-rj-mo,5460000,https://www.youtube.com/channel/UCQi67q4kGdmnJaRzX81uK5g,False
Javier Ramirez,https://yt3.ggpht.com/a/AATXAJzNCBXyoy7-sTT-4HznCoWJrPEGroCIZKnNMKEI7A=s480-c-k-c0xffffffff-no-rj-mo,4700000,https://www.youtube.com/channel/UCJufShm_lek_NjinsoRwvnQ,False
Anupam Movie Songs,https://yt3.ggpht.com/a/AATXAJzteGCmJEE1xXKRCphZcrWASMyxZotn811WqMWT=s480-c-k-c0xffffffff-no-rj-mo,4510000,https://www.youtube.com/channel/UCxjk0jpZguFJuyrNM_EIP3w,False
Toda Meiga,https://yt3.ggpht.com/a/AATXAJw-qa0BV5vlQhyx4N7nhnhZnT8r7xJRAE8lQRwzcg=s480-c-k-c0xffffffff-no-rj-mo,4220000,https://www.youtube.com/channel/UCQdk2saej6FXMllUqwShAYA,False
Epic Time,https://yt3.ggpht.com/a/AATXAJwslqPV7Rwam1n51zIALcpbP7PoBLW_SYQBzuTevw=s480-c-k-c0xffffffff-no-rj-mo,4059999,https://www.youtube.com/channel/UCUoV88OKSJS8nOun8YY0XWw,False
Jungle Survival,https://yt3.ggpht.com/a/AATXAJwar2nsVc91TaaE-HKPA8zPj_nwnCpqUgvXfdWLSw=s480-c-k-c0xffffffff-no-rj-mo,3680000,https://www.youtube.com/channel/UC4E1gPBh0_eJ5oftWVsewZA,False
พอดีม่วน STUDIO,https://yt3.ggpht.com/a/AATXAJx6AGRu83fpzvRfAQ59d_4VaCqOc1tSNzxwELA2=s480-c-k-c0xffffffff-no-rj-mo,3620000,https://www.youtube.com/channel/UCpjChoKuoBGQ368LdINenDg,False
SuperbLyrics,https://yt3.ggpht.com/a/AATXAJwDEXkN0pf5YbIwMe634NM9-3R7CkJNlPRJB3Xa4Q=s480-c-k-c0xffffffff-no-rj-mo,3570000,https://www.youtube.com/channel/UCy9zjfGD_LGnfaz27K5pvnw,False
Hyram,https://yt3.ggpht.com/a/AATXAJytRSbSj599_CGX667S9QsC6zALT-MyX71LZpZKVA=s480-c-k-c0xffffffff-no-rj-mo,2970000,https://www.youtube.com/channel/UC2sYit3cZ2CuD_8FHYH7O_Q,False
Ericko Lim,https://yt3.ggpht.com/a/AATXAJw2h0HHOefmSo1hPdrSzwpuZsEw3Oy9v3cdNOxKsA=s480-c-k-c0xffffffff-no-rj-mo,2690000,https://www.youtube.com/channel/UCb0otfoyPjSxF2bLbahjxlA,False
zommarie,https://yt3.ggpht.com/a/AATXAJxoSjYnB4vdpZ1p6LLp1Jj6zJoIFlZV6lRud0jTAQ=s480-c-k-c0xffffffff-no-rj-mo,2610000,https://www.youtube.com/channel/UCwRhQ-evbGJFwcTZtm8imLg,False
King SoYer,https://yt3.ggpht.com/a/AATXAJxEUyYvFUoqA8OwTMt8XxZc6_ZSjz09DrcP7hJxHg=s480-c-k-c0xffffffff-no-rj-mo,2580000,https://www.youtube.com/channel/UCBisEhOzorThHuoKSGH4M5g,False
HPLUS Films,https://yt3.ggpht.com/a/AATXAJwF6phH7P88qwgICNByidFwaNUFU5Ri6Da6tH54DA=s480-c-k-c0xffffffff-no-rj-mo,2570000,https://www.youtube.com/channel/UC0FT3GYB73T_qJnKHR6qs2w,False
Bstars Music,https://yt3.ggpht.com/a/AATXAJzD1OP8V7pNMtqUkig5J6qoLj4pOgvwW2C30O_O0Q=s480-c-k-c0xffffffff-no-rj-mo,2460000,https://www.youtube.com/channel/UCQp9wDCeuLrRs-u7mC0QZVQ,False
Bruna Paola,https://yt3.ggpht.com/a/AATXAJy5Kl17tllOHmOWZVmrh6FwYYWqZSg8v1PDTSVm7Q=s480-c-k-c0xffffffff-no-rj-mo,2360000,https://www.youtube.com/channel/UCF8wkVIM2N1CpUqRnqc0kaQ,False
Ham PMN,https://yt3.ggpht.com/a/AATXAJzG82GYEHveue6oxBMG2oipTTu5EEoJvyJW1hpuTqo=s480-c-k-c0xffffffff-no-rj-mo,2270000,https://www.youtube.com/channel/UC9sXp56gw63-_--pvkglPhQ,False
KNCraZy,https://yt3.ggpht.com/a/AATXAJwRR1gd1i68WLyLHzeJpF4tRjFfThPRSaYIvvHbhg=s480-c-k-c0xffffffff-no-rj-mo,2190000,https://www.youtube.com/channel/UCCJrkoCBepsJN2QUauufOPA,False
KAWAIIDOLL1,https://yt3.ggpht.com/a/AATXAJx4PtWMfmuXyPOs3oeXwbJpCUDmU5G8bUn6ILpEtw=s480-c-k-c0xffffffff-no-rj-mo,2020000,https://www.youtube.com/channel/UCdEHEQn3Re4-jWmpVVrZ_mg,False
UmBipolar,https://yt3.ggpht.com/a/AATXAJxAVuIpRPEBLZfx7ItYV3kVfIB05exRaduYHHjwPA=s480-c-k-c0xffffffff-no-rj-mo,1980000,https://www.youtube.com/channel/UC9ggGxjr2Hdy_Rldn4VrgZQ,False
Azuya Surya,https://yt3.ggpht.com/a/AATXAJz636TBSze2jHzkozGbB0MjPnBvY9brQXzOZU41UQ=s480-c-k-c0xffffffff-no-rj-mo,1960000,https://www.youtube.com/channel/UCUEgIDXk_ZuimcU1DMU9wqg,False
Mandy Candy,https://yt3.ggpht.com/a/AATXAJx5DPT4uDNeemjpNXnaisQUDjoHPQovoi4BC9jpqQ=s480-c-k-c0xffffffff-no-rj-mo,1950000,https://www.youtube.com/channel/UC0UMjthdcI-0IqgaZaQ5_Ww,False
OK!OK!,https://yt3.ggpht.com/a/AATXAJyRJ8HJM6gJiG7Y1PcK4UcbfzEfDqLUV7U5ZkTXWA=s480-c-k-c0xffffffff-no-rj-mo,1940000,https://www.youtube.com/channel/UCXyCAcjoWz9SMLGJT8dR0pA,False
Nontakan Ns.,https://yt3.ggpht.com/a/AATXAJxpxgCYab2ItQMmx7friGDTgQWbI5xVlF2naw5HyQ=s480-c-k-c0xffffffff-no-rj-mo,1890000,https://www.youtube.com/channel/UCadvHR_ymmdouo3Sgb7Uf_w,False
Bela Almada,https://yt3.ggpht.com/a/AATXAJz5jT6Eb4kUmI4ZAmSlhATRoqbnuCtv9c2HHSWIPQ=s480-c-k-c0xffffffff-no-rj-mo,1870000,https://www.youtube.com/channel/UCI8qvn5uozF_ft7fQhYZC3w,False
Step by Step ID,https://yt3.ggpht.com/a/AATXAJwPOUtw9YyGFrvisLdeLgzwF6-U-TbWxC1t5bDqDQ=s480-c-k-c0xffffffff-no-rj-mo,1870000,https://www.youtube.com/channel/UCjMbL79qz2vmOwINfaK2Bbw,False
ini vindy,https://yt3.ggpht.com/a/AATXAJyMpi1GgRPUr9HRs4IOFlIPkVTx8OFUcE0MG0g-4g=s480-c-k-c0xffffffff-no-rj-mo,1830000,https://www.youtube.com/channel/UClWGIZ_9dw4cdme2zHDu4jg,False
Digster Pop,https://yt3.ggpht.com/a/AATXAJymDf8VEj76J_LGV3NBGfqeQWEj0KOtmQIrlsfrbg=s480-c-k-c0xffffffff-no-rj-mo,1760000,https://www.youtube.com/channel/UCorI9V6adKvuIYE7ey9HPQQ,False
Riva Quenery,https://yt3.ggpht.com/a/AATXAJz4fJs58mI7bAok8ouK1BF26UwNmvxQ1vVn-9OZyQ=s480-c-k-c0xffffffff-no-rj-mo,1720000,https://www.youtube.com/channel/UCovX2oe7NONkys-qeR_j1_g,False
Grace zy,https://yt3.ggpht.com/a/AATXAJwysDOCRWiG4qFz6Tt9d18u9UXvV6YUnuRsX9EqICA=s480-c-k-c0xffffffff-no-rj-mo,1650000,https://www.youtube.com/channel/UCAATd-lSc7apeNrDFBQxqdA,False
MisterKey,https://yt3.ggpht.com/a/AATXAJwa7yUiNcMgpGGxoVspI_bPhd_KXb7rF89cjZeEhw=s480-c-k-c0xffffffff-no-rj-mo,1590000,https://www.youtube.com/channel/UCDeDnXAb4qBjdHweGPJPriA,False
Radija Pereira,https://yt3.ggpht.com/a/AATXAJy7BJFXpMa5dA08S6EHW_-N_AZLtRoOsYbPyqfvuYs=s480-c-k-c0xffffffff-no-rj-mo,1500000,https://www.youtube.com/channel/UCgs2VW8G6TXZoGKFKoJa7qg,False
febri fegan,https://yt3.ggpht.com/a/AATXAJz4LtlCudj_fGC4YMBet1UKM3wBKbHfCqNWtfq3rw=s480-c-k-c0xffffffff-no-rj-mo,1480000,https://www.youtube.com/channel/UCz9yjFQIFaFrIcM-ZGCfogg,False
Sora,https://yt3.ggpht.com/a/AATXAJyQXAPkdiQHyTu2CNMcDgGL47TAYmp0_8t9gZ7ZZQ=s480-c-k-c0xffffffff-no-rj-mo,1480000,https://www.youtube.com/channel/UCoY9dSehUOccMeV06OGmuQA,False
Hindi Moral Stories,https://yt3.ggpht.com/a/AATXAJyi3EAMTO8OE-TJHzvXkxqmZoRQV-dUo1F528Y47w=s480-c-k-c0xffffffff-no-rj-mo,1450000,https://www.youtube.com/channel/UCUcaQ0qwS5bS1U-vGHFFUIQ,False
MTR Mysterios,https://yt3.ggpht.com/a/AATXAJwKwYaSMCVpmXvTp4JlGNf_vdPXH-DIdY5mByDARA=s480-c-k-c0xffffffff-no-rj-mo,1450000,https://www.youtube.com/channel/UC4Ffqc39v2fxEcNois8ulaA,False
Popular Magazine Indonesia,https://yt3.ggpht.com/a/AATXAJy64rC4HhSGBxFe2dLkaXCFdskEQ0U9xBuu1SyQDQ=s480-c-k-c0xffffffff-no-rj-mo,1420000,https://www.youtube.com/channel/UCRJC6XblZt7XYnY9KNjyYeg,False
Luis Arredondo,https://yt3.ggpht.com/a/AATXAJx51XqSrI5yS_v4q1iOigIPL5mY4wLrql5n_k2IEQ=s480-c-k-c0xffffffff-no-rj-mo,1420000,https://www.youtube.com/channel/UC0y_0o3sjTFP_Af-52yaEkw,False
Mintra Channel,https://yt3.ggpht.com/a/AATXAJxHbsJv7XNnnzpZa0vaR1_CBQNE-n2cFDbPgbz9tA=s480-c-k-c0xffffffff-no-rj-mo,1390000,https://www.youtube.com/channel/UCPkn-hTnnDnpkkgHs04x9Zg,False
TAMMER,https://yt3.ggpht.com/a/AATXAJybs0vBBEu-R-j2xAMeRutP8h0uxYE22RtA8_3gWg=s480-c-k-c0xffffffff-no-rj-mo,1340000,https://www.youtube.com/channel/UC-j9xrFRhyvHAmdsITyYj2A,False
Cam's Creations,https://yt3.ggpht.com/a/AATXAJxdle3YQr9rr1wvxZWxr8nvKdyR4juhT-aD8Sgw=s480-c-k-c0xffffffff-no-rj-mo,1290000,https://www.youtube.com/channel/UCNJLjeEMcsR89zDTwTq-uFQ,False
Dunia Dinda,https://yt3.ggpht.com/a/AATXAJwBFDHvX9AukMKOn-CYZeUUMGJre82hxm1ZvfFekg=s480-c-k-c0xffffffff-no-rj-mo,1280000,https://www.youtube.com/channel/UCrn4zm6SwhoVgNBMT8J_T4A,False
eclat story,https://yt3.ggpht.com/a/AATXAJxKz7nbX-4tg3IdPPld9ZlyAntAYuVDV-QGHT-ohQ=s480-c-k-c0xffffffff-no-rj-mo,1230000,https://www.youtube.com/channel/UCJpJIA0raHS5Z5GgDhB87uA,False
Diário da Mafer,https://yt3.ggpht.com/a/AATXAJzAageRwTAljrrYK1rJzZApEUkt2aDpbxu6BRgNxg=s480-c-k-c0xffffffff-no-rj-mo,1200000,https://www.youtube.com/channel/UCKSa5OgDkOYhCw8t9a8dABA,False
Beby Tsabina TV,https://yt3.ggpht.com/a/AATXAJxSqaBLjkJ30lei79iDGdJFuFPnyLZrnGE7c1FVbw=s480-c-k-c0xffffffff-no-rj-mo,1200000,https://www.youtube.com/channel/UCdxW3uffdYTmjDbT-NYWrxA,False
HappyTV,https://yt3.ggpht.com/a/AATXAJzpxeyRE3t1CJWbufnIycsXn6glNIqylNwjE8l1iw=s480-c-k-c0xffffffff-no-rj-mo,1200000,https://www.youtube.com/channel/UCvPRSUvCF3yEbQXFC0LKDFA,False
WIRDA MANSUR,https://yt3.ggpht.com/a/AATXAJwJFeP2Rl2P8bofE2EAW1o3TijopQyyCuJzzET_=s480-c-k-c0xffffffff-no-rj-mo,1170000,https://www.youtube.com/channel/UC1mFZuLNWsFLCXa5spjG7Ow,False
Frans Sanjaya,https://yt3.ggpht.com/a/AATXAJzwX2z1z3DBkNfBTDa2m_26FDNhfdVGz97aBjaf=s480-c-k-c0xffffffff-no-rj-mo,1170000,https://www.youtube.com/channel/UCBkJL-fVKCSN4X8RICwLCGQ,False
Đức Toại Vlogs,https://yt3.ggpht.com/a/AATXAJxwbV2KrpG7FXiM4mURkA6gftzecKitm7mQUjORJw=s480-c-k-c0xffffffff-no-rj-mo,1160000,https://www.youtube.com/channel/UCWf9_w4VloVy_F_HYrAL1mA,False
jamil hanafi,https://yt3.ggpht.com/a/AATXAJwoCN_nOBGfWbwmkT_VzQc_FRCDrU_5XONVSO4XgA=s480-c-k-c0xffffffff-no-rj-mo,1130000,https://www.youtube.com/channel/UCIodaf8OFo3hWU3-sVK9LSQ,False
Nonny.com,https://yt3.ggpht.com/a/AATXAJyGuhmmFOhR1skC9JWLEd9jpEAz2FDFxC-OrDV61Q=s480-c-k-c0xffffffff-no-rj-mo,1130000,https://www.youtube.com/channel/UCBGwqvSQPKDtjm74qQ-AmmQ,False
Bilal Hassani,https://yt3.ggpht.com/a/AATXAJx6IXw3SI-kNJ7pRkruU5YxWkwiDyHSwqmOmK0Q0g=s480-c-k-c0xffffffff-no-rj-mo,1110000,https://www.youtube.com/channel/UCJYYeR3s7vCB6CsXZNQdYXg,False
Marcio Guerra Canto,https://yt3.ggpht.com/a/AATXAJwmfjzhJXMkkg6rHkUWFSB8zQW3Yxte5QkbYAQ7ag=s480-c-k-c0xffffffff-no-rj-mo,1110000,https://www.youtube.com/channel/UC9auYySOaoPLvgPmjw6QxEA,False
12TimeWeCCG,https://yt3.ggpht.com/a/AATXAJw60QH5a_lDVdh7dqDcNn-u4U53-7PECbLrMou_wA=s480-c-k-c0xffffffff-no-rj-mo,1110000,https://www.youtube.com/channel/UC_iBa-VDW1vNu-mKWzuGI1w,False
Aama Agni Kumari Media,https://yt3.ggpht.com/a/AATXAJy0WaQRSN-WXz6okDbLv-q02kstLeZc-9bfP_uVuw=s480-c-k-c0xffffffff-no-rj-mo,1080000,https://www.youtube.com/channel/UCV35ufkw4kGlQid2ytRgKZA,False
Zamir Villamil,https://yt3.ggpht.com/a/AATXAJzk2P5PoWm-hTDA5_NoZHUbVMHMxYLyxCXygpd-Xg=s480-c-k-c0xffffffff-no-rj-mo,1080000,https://www.youtube.com/channel/UCMFEviB7yKlLleIAZ8hv_Fw,False
Mundo Paralelo,https://yt3.ggpht.com/a/AATXAJwYB9HbKZy3mkkk8IOmUUewDODLVC4_eAwtP-1gNw=s480-c-k-c0xffffffff-no-rj-mo,1070000,https://www.youtube.com/channel/UCdKdmvjGSkT5CJlZGamPaYQ,False
Jorge Cremades,https://yt3.ggpht.com/a/AATXAJw0nb3ADAwAokniMeFFXGoSbYWo6pVbIux3haIs9A=s480-c-k-c0xffffffff-no-rj-mo,1060000,https://www.youtube.com/channel/UCVc4UGZM-G-HgTCYizkHb3g,False
