fullname,picture,subscribers,link,is_verified
zbing z.,https://yt3.ggpht.com/ytc/AKedOLSemnTIlOWsF4OJlNpYmSxYSL5Rdy-keZoz4rCi6w=s480-c-k-c0x00ffffff-no-rj,15500000,https://www.youtube.com/channel/UC5zGJZpxeZPFcds5gFcDE7Q,True
BIGBANG,https://yt3.ggpht.com/ytc/AKedOLSib43eXilToLYYxm4YaAdxdeZKJEbcCBAK7X8hhQ=s480-c-k-c0x00ffffff-no-rj,14000000,https://www.youtube.com/channel/UCzw-C7fNfs018R1FzIKnlaA,False
Lilifilm Official,https://yt3.ggpht.com/ytc/AKedOLSjMa1Bgh15mUOwSUYKscmKb7MYV4XcbvmgnwMbKw=s480-c-k-c0x00ffffff-no-rj,9600000,https://www.youtube.com/channel/UC35HKvKYPkri4Grd5KXl3wQ,True
iKON,https://yt3.ggpht.com/ytc/AKedOLSYGw9J45WyOA6wI3f5JxbBPTP-_b_agyNOPxEu=s480-c-k-c0x00ffffff-no-rj,8460000,https://www.youtube.com/channel/UCWxCyZibDIWIrGIgP25mbfw,False
Anupam Movie Songs,https://yt3.ggpht.com/ytc/AKedOLRxznm805OTyeJhAPKlreNvOCuprnlc2a3zi8nSfg=s480-c-k-c0x00ffffff-no-rj,8070000,https://www.youtube.com/channel/UCxjk0jpZguFJuyrNM_EIP3w,True
Jennierubyjane Official,https://yt3.ggpht.com/ytc/AKedOLR370wZkUW6W6am9USVPMu3sbK-_Mb_f_LJjKx6=s480-c-k-c0x00ffffff-no-rj,7700000,https://www.youtube.com/channel/UCNYi_zGmR519r5gYdOKLTjQ,True
YG ENTERTAINMENT,https://yt3.ggpht.com/ytc/AKedOLQzbcvRg_Fq1XYMlnVMAGfgwKUK6dz1cH3f6qAagg=s480-c-k-c0x00ffffff-no-rj,6550000,https://www.youtube.com/channel/UCQi67q4kGdmnJaRzX81uK5g,True
SuperbLyrics,https://yt3.ggpht.com/ytc/AKedOLS6LrBNwaGB3Gu_cBwxTnbK9mQQtHvNYXFRmtqrQA=s480-c-k-c0x00ffffff-no-rj,5980000,https://www.youtube.com/channel/UCy9zjfGD_LGnfaz27K5pvnw,True
Epic Time,https://yt3.ggpht.com/ytc/AKedOLQkuG7m4C_VpIL-6coZY4S1ITZgdDbtdi5aDk9ORg=s480-c-k-c0x00ffffff-no-rj,5400000,https://www.youtube.com/channel/UCUoV88OKSJS8nOun8YY0XWw,True
2NE1,https://yt3.ggpht.com/ytc/AKedOLTs28xH1KriunGuAdJMphifs7FLIYfbNxnTI8OD=s480-c-k-c0x00ffffff-no-rj,5400000,https://www.youtube.com/channel/UCnsQjCVzmEd-YvlQZbo6zCg,False
TREASURE (트레저),https://yt3.ggpht.com/ytc/AKedOLSrw1Kksy0uIKu_ooYrhCIBt7ogFZdNiMqvIe6m=s480-c-k-c0x00ffffff-no-rj,4960000,https://www.youtube.com/channel/UCx9hXYOCvUYwrprEqe4ZQHA,False
พอดีม่วน STUDIO,https://yt3.ggpht.com/ytc/AKedOLQb7u6dpLy215qqezpJ9EcBiCOKLFTak3FG1uit=s480-c-k-c0x00ffffff-no-rj,4850000,https://www.youtube.com/channel/UCpjChoKuoBGQ368LdINenDg,True
Javier Ramirez,https://yt3.ggpht.com/mv1L_e42mgSiylCxeeRjyY1j1YzDOwZGd_oaT5RvNveEdodlJkTv_eOkao5NCUlUfR_Xoxeh1Dg=s480-c-k-c0x00ffffff-no-rj,4830000,https://www.youtube.com/channel/UCJufShm_lek_NjinsoRwvnQ,True
Vanessa Mendes,https://yt3.ggpht.com/fmh00tbtVcTBXGnFjVizeMJL9oYdKcvyNLm-3JNHJIfjJprgPLqsxQ_yOCPbUZEjwRb3nD28YwM=s480-c-k-c0x00ffffff-no-rj,4300000,https://www.youtube.com/channel/UCQdk2saej6FXMllUqwShAYA,False
Alyssa Dezek,https://yt3.ggpht.com/ytc/AKedOLQZbBHBubwsfC9Es9vtl5rlaSr-rO30b-mJ4klyMw=s480-c-k-c0x00ffffff-no-rj,4270000,https://www.youtube.com/channel/UCWxBI083AvHtbns83XGZmng,True
Azuya Surya,https://yt3.ggpht.com/ytc/AKedOLS_FY00fGVelmT6MVQeuaGbciXJoo736673H70Y4A=s480-c-k-c0x00ffffff-no-rj,4160000,https://www.youtube.com/channel/UCUEgIDXk_ZuimcU1DMU9wqg,True
King SoYer,https://yt3.ggpht.com/ytc/AKedOLRA1WsfcfozDckiwq0e3QspXzeE-SndfDIqmn7UpA=s480-c-k-c0x00ffffff-no-rj,3890000,https://www.youtube.com/channel/UCBisEhOzorThHuoKSGH4M5g,True
WINNER,https://yt3.ggpht.com/ytc/AKedOLSRC8rmqQFJP5t2zcxBtLE2F6PQXZMkWNb8hvqvKQ=s480-c-k-c0x00ffffff-no-rj,3820000,https://www.youtube.com/channel/UCayQxFAoFCvGariuQCtHRGQ,False
TrueVisionsOfficial,https://yt3.ggpht.com/ytc/AKedOLQm1XOYK2c3QUy_VrMMKn6PtYrXnd3UOMauS1h9yA=s480-c-k-c0x00ffffff-no-rj,3690000,https://www.youtube.com/channel/UCLFem49cKUGGzpZSUu9RhxQ,True
Ian Boggs,https://yt3.ggpht.com/rWd_2zPN30yxyZvjWPzQaZvdjPV9dTHZCqrbsD5SUxFp7UKDrszheAn9utkSKVxAZd9udTU48Q=s480-c-k-c0x00ffffff-no-rj,3670000,https://www.youtube.com/channel/UC9yadlAEiyOUNa3y4dnuYFg,True
ROSÉ Official,https://yt3.ggpht.com/ytc/AKedOLS0-NV6kNUBcj0Y24-CrDOll-QPw6uqJtpoFEVB=s480-c-k-c0x00ffffff-no-rj,3660000,https://www.youtube.com/channel/UCBo1hnzxV9rz3WVsv__Rn1g,True
AtimeOnline,https://yt3.ggpht.com/DqTGF7E7ZeFPj9o5YmMzmWSaegMz9PbSAsReoa-KAtz3lTw3YYgggR8bTF44STdBhEnNWsY2Cg=s480-c-k-c0x00ffffff-no-rj,3340000,https://www.youtube.com/channel/UCFhn9MQ7UTyeDqfn2Kt0dyA,False
HPLUS Films,https://yt3.ggpht.com/41YuKnVXiYGVEmhFNSbeM8t3Qj_mhO3telBAtS55_foIkY3Xq9UfyGoDtPUzpgyTK0uuBwLFIA=s480-c-k-c0x00ffffff-no-rj,3200000,https://www.youtube.com/channel/UC0FT3GYB73T_qJnKHR6qs2w,True
Leti Sha,https://yt3.ggpht.com/ytc/AKedOLTOJpFOp6yL5XWnZ4KJyL0FuY9h74J80LN2xVI92Q=s480-c-k-c0x00ffffff-no-rj,3170000,https://www.youtube.com/channel/UCWkVgfMFZkJLQ6uB113Xq1A,True
zommarie,https://yt3.ggpht.com/ytc/AKedOLSMMgRW84OEnp3C3Mhzc4gJD9yNG1SEHOFrBa4-tA=s480-c-k-c0x00ffffff-no-rj,3140000,https://www.youtube.com/channel/UCwRhQ-evbGJFwcTZtm8imLg,True
febri fegan,https://yt3.ggpht.com/ytc/AKedOLS4DWXfGSodqHJAAy16tmveJ5XwjTTsCLVdn2qmXg=s480-c-k-c0x00ffffff-no-rj,2970000,https://www.youtube.com/channel/UCz9yjFQIFaFrIcM-ZGCfogg,True
Songtopia,https://yt3.ggpht.com/ytc/AKedOLRassHKL4TtN5KJ-N18iszu2hGhvWkVO2Jcly6O=s480-c-k-c0x00ffffff-no-rj,2930000,https://www.youtube.com/channel/UCkL-XJeOpyjPpyHxb1JD-OA,True
WOODY,https://yt3.ggpht.com/ZIiX_mwbGlKDp38zI3robLJxmLKs26qOTlgQOVDprq5OOWXPNycas_fN2m3PicpeSTRROSOz=s480-c-k-c0x00ffffff-no-rj,2890000,https://www.youtube.com/channel/UCPWauUGtqP4B1Aw3UoHI2ew,False
Gloria Groove,https://yt3.ggpht.com/Y8hkclwJ5xhP1C_mnBjdk-XAD-_mJ5EdtVFQpsaqXDQIpfdDxXRNWJAdifmBRw0stXC_bi1u=s480-c-k-c0x00ffffff-no-rj,2810000,https://www.youtube.com/channel/UCLoL96fSeaLOen3mpDYeqtA,False
Ericko Lim,https://yt3.ggpht.com/ytc/AKedOLSUwtAKt8QPfNSncc9nTv-Ow9XwhWd_-1l4k2Ld-w=s480-c-k-c0x00ffffff-no-rj,2770000,https://www.youtube.com/channel/UCb0otfoyPjSxF2bLbahjxlA,True
Ham PMN,https://yt3.ggpht.com/ytc/AKedOLTRF_neejVGPvOcoELxLBoDDhVxjepTXPStzDNZeqU=s480-c-k-c0x00ffffff-no-rj,2760000,https://www.youtube.com/channel/UC9sXp56gw63-_--pvkglPhQ,True
Dunia Dinda,https://yt3.ggpht.com/ytc/AKedOLRzExXxXjdQhJHsLsdSBfmGA6WCXHIvPpnms7N2Ow=s480-c-k-c0x00ffffff-no-rj,2680000,https://www.youtube.com/channel/UCrn4zm6SwhoVgNBMT8J_T4A,True
AKMU,https://yt3.ggpht.com/uNEaQrNrnP9lF8QwHHgm0kvk5rEgpucmVILxJX3EPI61zCAz7LcsngWNLf5T5Oas1I-kGctP=s480-c-k-c0x00ffffff-no-rj,2660000,https://www.youtube.com/channel/UCIcXK1CI8URMIqNO_1cehiQ,False
Riva Quenery,https://yt3.ggpht.com/xLTo3JAT61HGECCUp2zl_gd5NLkvhS1oJ0Ivwuztpcuzq0rw63GvB2SVh55HhUkNjVnSamsdpx8=s480-c-k-c0x00ffffff-no-rj,2550000,https://www.youtube.com/channel/UCovX2oe7NONkys-qeR_j1_g,True
Bruna Paola,https://yt3.ggpht.com/CL_fyhaOLV5ZdmTUU2naWXVTrpqM-0vggtamM8P_glCpCx1wEjgpS7oT0IpGC5ZPbzSQnYzs=s480-c-k-c0x00ffffff-no-rj,2530000,https://www.youtube.com/channel/UCF8wkVIM2N1CpUqRnqc0kaQ,True
KIDS7,https://yt3.ggpht.com/ytc/AKedOLQY7kgUh86YnnSn_zfG1MhGJV55x-JKC_msKNdy=s480-c-k-c0x00ffffff-no-rj,2510000,https://www.youtube.com/channel/UCN4pXFmJfeuHVymTTl75KOg,True
BSTARS,https://yt3.ggpht.com/ytc/AKedOLQk4DFe3dRBjI4y-WWc6LET16-ZxyFr2Z7kfI0sAQ=s480-c-k-c0x00ffffff-no-rj,2490000,https://www.youtube.com/channel/UCQp9wDCeuLrRs-u7mC0QZVQ,False
Leader Of Lyrics,https://yt3.ggpht.com/ytc/AKedOLReJ-44-AnAdQr10dbfChgHQXgTdeNL6KK9o9sbow=s480-c-k-c0x00ffffff-no-rj,2430000,https://www.youtube.com/channel/UCaeicBEBBbaF4QQ_OgJ5cvw,True
KNCraZy,https://yt3.ggpht.com/ytc/AKedOLQxs9015f6Ir3S1yrN2LbyEZmKdMIIM6TZ08W0Apw=s480-c-k-c0x00ffffff-no-rj,2370000,https://www.youtube.com/channel/UCCJrkoCBepsJN2QUauufOPA,True
Si Sapiloid,https://yt3.ggpht.com/ytc/AKedOLQbR0Sd428KNrFFWQwndn1ycMmdLY82wh-ysjM5_g=s480-c-k-c0x00ffffff-no-rj,2330000,https://www.youtube.com/channel/UCDNInD09Gogq3ZFoc7XxpHA,True
เบิ้ล Patumrach music land,https://yt3.ggpht.com/kwDMqEBkufBokQHxebHoK6c0xDIsxYAHGxxrjgclX6IxaLy9ooNAqRbG1HeW4QkCDnhZSbEJhBo=s480-c-k-c0x00ffffff-no-rj,2180000,https://www.youtube.com/channel/UCffA3uduAMx9YArnog42p2A,False
dP Art Drawing,https://yt3.ggpht.com/ytc/AKedOLS0jPunOoGghK3BIi2_c8HQesDDk0MPmADgXgTzzA=s480-c-k-c0x00ffffff-no-rj,2160000,https://www.youtube.com/channel/UC9ClItdGpAvS1JCyK1kVRAg,True
UmBipolar,https://yt3.ggpht.com/9IeZ6j_XYfMmhREeb6EV4UQ8cIxRmgtiDzsnpD_EH0_asyDe0d800gHaeQeJAS8Rkwdc56qfhCc=s480-c-k-c0x00ffffff-no-rj,2120000,https://www.youtube.com/channel/UC9ggGxjr2Hdy_Rldn4VrgZQ,True
MisterKey,https://yt3.ggpht.com/ytc/AKedOLSlgaenUqu9yJHL_CpKhyb-OIPt7haDBy693q6Y9Q=s480-c-k-c0x00ffffff-no-rj,2100000,https://www.youtube.com/channel/UCDeDnXAb4qBjdHweGPJPriA,True
ELLE,https://yt3.ggpht.com/ytc/AKedOLT-cDyktxeI-gT9rlRpwzjtH-LPTWeMlXqb6Y9poFk=s480-c-k-c0x00ffffff-no-rj,2089999,https://www.youtube.com/channel/UCV8Do0nwSrYP7lwPBS4LWpw,True
Nontakan Ns.,https://yt3.ggpht.com/ytc/AKedOLTcV--btH8iWMb3PihojNh3HSemL-jSLYTrIVMg7g=s480-c-k-c0x00ffffff-no-rj,2089999,https://www.youtube.com/channel/UCadvHR_ymmdouo3Sgb7Uf_w,True
Mandy Candy,https://yt3.ggpht.com/yGi-jyDuxeQZ7rDpPWr6emZhc_D0In7XcXxE99jMTIdv2iZbT2ATAa8nNgBZJqr92oHz2647TQ=s480-c-k-c0x00ffffff-no-rj,2080000,https://www.youtube.com/channel/UC0UMjthdcI-0IqgaZaQ5_Ww,True
แป๊ะดูดแหนม รีเทิร์น,https://yt3.ggpht.com/ytc/AKedOLSAlHFNFPdjdYAstHHE9Dfep3X--AlFu5bEqcdG5w=s480-c-k-c0x00ffffff-no-rj,2069999,https://www.youtube.com/channel/UC-bR-3FBV-uu6ZoM40_nIrg,True
Step by Step ID - Natya & Rendy,https://yt3.ggpht.com/Azun28rj2F-vIdZAIxPPRjc_9I7N_QwTa6j-VsJ7OGjYoQhoeSveevtCLO15MCYcvsU-DUOl=s480-c-k-c0x00ffffff-no-rj,2049999,https://www.youtube.com/channel/UCjMbL79qz2vmOwINfaK2Bbw,True
LuzGamingxd,https://yt3.ggpht.com/ytc/AKedOLR0nIzXV_-rP5iOiKAaRzdWSuZ1qAGU8L_9BRnjwA=s480-c-k-c0x00ffffff-no-rj,1980000,https://www.youtube.com/channel/UC1h59hDy9MySp0OdLk_Rvlg,True
MTR Mysterios,https://yt3.ggpht.com/ytc/AKedOLSAcuc_ipgZb_5VXobzc-E1mygVVp0FC7Y6iX_4Fg=s480-c-k-c0x00ffffff-no-rj,1980000,https://www.youtube.com/channel/UC4Ffqc39v2fxEcNois8ulaA,True
Bela Almada,https://yt3.ggpht.com/00Wcm4lhhGOTnLji62nTd_azfGJRCi13LxhSvT3tCNFGjtDy9bFfY5d_l5o2_cOy_Nn_d2VqQQ=s480-c-k-c0x00ffffff-no-rj,1970000,https://www.youtube.com/channel/UCI8qvn5uozF_ft7fQhYZC3w,True
Duy Thường TV,https://yt3.ggpht.com/ytc/AKedOLSPvQHaidc8XjfpHEYl5K-LnZ9NtOhLtA0Yw6W9uQ=s480-c-k-c0x00ffffff-no-rj,1970000,https://www.youtube.com/channel/UCdQS6M1EBxnAQ5CblhcThaw,True
ini vindy,https://yt3.ggpht.com/ytc/AKedOLT601qW_1u7AI-PP9bRF3Oecv-T1N9egDkmBlJdGQ=s480-c-k-c0x00ffffff-no-rj,1950000,https://www.youtube.com/channel/UClWGIZ_9dw4cdme2zHDu4jg,True
Léo Borges,https://yt3.ggpht.com/ytc/AKedOLTe9kgJCkKaOyNFs997vBSDW7uJ1ivbHAG27h2Fwg=s480-c-k-c0x00ffffff-no-rj,1930000,https://www.youtube.com/channel/UCKvmugm9StTunFWKtggppQw,True
Polyplus Entertainment,https://yt3.ggpht.com/ytc/AKedOLRZn4oy7ALDXDRScUIPbrA4cs3C3XkYrmzd68s_=s480-c-k-c0x00ffffff-no-rj,1920000,https://www.youtube.com/channel/UCMSLmwkXFhkxKFv2gS4NBww,True
Canal OK!OK!,https://yt3.ggpht.com/vSAiVHpMnZPZbUXVK-Ud-8WFGAwx4tsW42rISNScDBZmltHjhHeqtcTEvfE1RndK5uncJOWhqQM=s480-c-k-c0x00ffffff-no-rj,1920000,https://www.youtube.com/channel/UCXyCAcjoWz9SMLGJT8dR0pA,False
GameRiot,https://yt3.ggpht.com/ytc/AKedOLTm2r_MfRS9gLefJa9_xjnqUsGAI1-D1JdOvpRLSQ=s480-c-k-c0x00ffffff-no-rj,1790000,https://www.youtube.com/channel/UCns4T9U8VSIRovKa1a_r7rA,True
비몽,https://yt3.ggpht.com/ytc/AKedOLT3QYXZsgxr6pqdJIr3Qkajz_ThzMqHCAJF5zMiOg=s480-c-k-c0x00ffffff-no-rj,1780000,https://www.youtube.com/channel/UCO11lxcm_-212ciYIGXZRgw,True
Digster Pop,https://yt3.ggpht.com/ytc/AKedOLTvs3yX4Oti6HYgWAJrIvj6vGeJEXAa8rs2us6jhw=s480-c-k-c0x00ffffff-no-rj,1770000,https://www.youtube.com/channel/UCorI9V6adKvuIYE7ey9HPQQ,True
