username,picture,followers,link,is_verified
champagnepapi,https://imgp.sptds.icu/v2?c%2BZ6gMi8pzyyj3IdIuQSsDBpwchEsdg%2FtvYkoZ9FuoSksebKiT33KgD4wwHFlDXbYszPp8vMCusqEjtfRyLs1Rw8O6VDpgsA7jX0ductHzGJpPvWhSYLqlulUxpzwoQ7g%2Bxyy0iVudXYli5ANlF4vA%3D%3D,69924474,https://www.instagram.com/champagnepapi,True
maisa,https://imgp.sptds.icu/v2?mb0KwpL92uYofJiSjDn1%2F6peL1lBwv3s%2BUvShHERlDY9ylLT5c6L8M5YYtkm82Y2JYJUNV9zSwLgu%2Fm%2BVshKFLTNY3SUrdMgbprmm2zwpNrJJQlXkZs7n5rdORZNmh4taDba9rR%2FAziczg0Wj%2FGvOA%3D%3D,33931723,https://www.instagram.com/maisa,True
youtube,https://imgp.sptds.icu/v2?mb0KwpL92uYofJiSjDn1%2F6peL1lBwv3s%2BUvShHERlDY9ylLT5c6L8M5YYtkm82Y2B42Go%2B7u%2BOobYL9PHZHjF4NxIDheDp9WpzWHvK%2FQLWlywz7wsyulSnm%2BHnH5bGLvJejMVoSkUrhobLzTc6TlMA%3D%3D,25443166,https://www.instagram.com/youtube,True
syahnazs,https://imgp.sptds.icu/v2?mb0KwpL92uYofJiSjDn1%2F6peL1lBwv3s%2BUvShHERlDY9ylLT5c6L8M5YYtkm82Y2i53wvA1qix72kvdzMLeNCCjsrAHFtZbr6SWYdU%2FNchbm3njexHsF5QFF9YfHUZCQ1%2FG8Zr90BYaiS44Z38b0PA%3D%3D,22936693,https://www.instagram.com/syahnazs,True
iamhalsey,https://imgp.sptds.icu/v2?mb0KwpL92uYofJiSjDn1%2F6peL1lBwv3s%2BUvShHERlDZBgcJx%2Bz3p117ubABFdYZVgkuI86fNNCmdbgQ4%2FJl7x7eR5MobmcByZp5ZII7po9UwYl1zips0kiCbN9b%2BSj0IYYoMVWVqR9PAHDzGxrxi6w%3D%3D,20590836,https://www.instagram.com/iamhalsey,True
luisasonza,https://imgp.sptds.icu/v2?mb0KwpL92uYofJiSjDn1%2F6peL1lBwv3s%2BUvShHERlDY9ylLT5c6L8M5YYtkm82Y2QZJgRqK6qixl3kXdKJoGv3pnTRSrBUNDk0usPXPnY1g4fmQwB6mH1PnOECiHgPrv4czWS2drht%2BK%2BCIgCJhELg%3D%3D,19782551,https://www.instagram.com/luisasonza,True
thalia,https://imgp.sptds.icu/v2?mb0KwpL92uYofJiSjDn1%2F6peL1lBwv3s%2BUvShHERlDY9ylLT5c6L8M5YYtkm82Y2bZ2AFsuZTOOA5LirRm9buXQ%2FFMrk8PphCO32znxXvnrBt6E0pKkttLQ3RvFEDA6EDBdvgf2M0n%2BwFJYYcchSPg%3D%3D,16434367,https://www.instagram.com/thalia,True
annecurtissmith,https://imgp.sptds.icu/v2?mb0KwpL92uYofJiSjDn1%2F6peL1lBwv3s%2BUvShHERlDY9ylLT5c6L8M5YYtkm82Y2tAIc0uR4Q1d6%2FdLNpYLEItAHNCdyfvigi1E6Ul5tz0lucRhn4UaT8OqbSMyLFS9SSHOFSU01m2x6d4v%2FHJPuBQ%3D%3D,15122732,https://www.instagram.com/annecurtissmith,True
dagelan,https://imgp.sptds.icu/v2?mb0KwpL92uYofJiSjDn1%2F6peL1lBwv3s%2BUvShHERlDY9ylLT5c6L8M5YYtkm82Y2AOw8URHVafDJFSnGHGf0wp4sLrz66o2MSIsVAeAuKW4U2k%2BUwMYhpARrn%2F5YBKojE7xqXOGzwjdXTvaM1MrE2Q%3D%3D,15025189,https://www.instagram.com/dagelan,True
nyxcosmetics,https://imgp.sptds.icu/v2?mb0KwpL92uYofJiSjDn1%2F6peL1lBwv3s%2BUvShHERlDY9ylLT5c6L8M5YYtkm82Y2hWwO2drG5OVzdpp22pAgMGPFf1jgX9maxmLrTzW0GppIXHewSLnLyUw34pbD4YuC,14661978,https://www.instagram.com/nyxcosmetics,True
felicyangelista_,https://imgp.sptds.icu/v2?mb0KwpL92uYofJiSjDn1%2F6peL1lBwv3s%2BUvShHERlDY9ylLT5c6L8M5YYtkm82Y23yFQ0SaiueM%2BVErlfpRyHc0d7aFws9pS2Cut54bhKcA2CJg6exDMLdMnZ1n34pO2nIExv0GyHm8wBZG8qypFbQ%3D%3D,14534244,https://www.instagram.com/felicyangelista_,True
lizasoberano,https://imgp.sptds.icu/v2?mb0KwpL92uYofJiSjDn1%2F6peL1lBwv3s%2BUvShHERlDY9ylLT5c6L8M5YYtkm82Y2od%2F420kXQ%2FPc%2Bsu5DqB9eI77pfMCU2nwbu2m4S7B802nvQoZa8zxCtEDe%2FzDTzkEAbpU85rMh7ZSJdEhdoXcKA%3D%3D,13708033,https://www.instagram.com/lizasoberano,True
mtv,https://imgp.sptds.icu/v2?mb0KwpL92uYofJiSjDn1%2F6peL1lBwv3s%2BUvShHERlDY9ylLT5c6L8M5YYtkm82Y23IkLX4VEmaE9Px7wWALFuBHsvoMTTomfMsPwSXoi%2B6It7I0ZrWbYsPhUILe2E4s%2FVJi2qBWf19uqoHiQcSoPsg%3D%3D,12461253,https://www.instagram.com/mtv,True
angeliqueboyer,https://imgp.sptds.icu/v2?mb0KwpL92uYofJiSjDn1%2F6peL1lBwv3s%2BUvShHERlDY9ylLT5c6L8M5YYtkm82Y2PJEFNTiuy70BSarphJrOErNyJpsWOZ%2FV3XUi9E5reu6j4pToucGvTfZCtXjo3d0FeMIXvKS7tk8pcb40fRCblA%3D%3D,12167238,https://www.instagram.com/angeliqueboyer,True
__youngbae__,https://imgp.sptds.icu/v2?mb0KwpL92uYofJiSjDn1%2F6peL1lBwv3s%2BUvShHERlDY9ylLT5c6L8M5YYtkm82Y26bkNOfL4D3d452VtYPH9FVzMngYVP03%2F%2F4gR5FeZC0xPFsMknkZF%2B8Eav2bax6D7RQl2nnB7zAJGjgeLTGtBaQ%3D%3D,10885658,https://www.instagram.com/__youngbae__,True
pabllovittar,https://imgp.sptds.icu/v2?mb0KwpL92uYofJiSjDn1%2F6peL1lBwv3s%2BUvShHERlDY9ylLT5c6L8M5YYtkm82Y2FwIA2i5ez%2FiERHwqjxM8ALxebN259AxVCVtvmok%2FWSn2HB9jUzBPx0S43cy7sSqAiezniLug806NP1KeBZaiaA%3D%3D,10831240,https://www.instagram.com/pabllovittar,True
citraciki,https://imgp.sptds.icu/v2?mb0KwpL92uYofJiSjDn1%2F6peL1lBwv3s%2BUvShHERlDY9ylLT5c6L8M5YYtkm82Y2Szj%2F6bQEBWOa2xRJxj4SDedMuLARrWgGPTZKqGlIXgUjzL1dBYUwKnvHbJ7xmQshB5ryGCx2car2Qlm8mjyGhA%3D%3D,10740496,https://www.instagram.com/citraciki,True
audimarissa,https://imgp.sptds.icu/v2?mb0KwpL92uYofJiSjDn1%2F6peL1lBwv3s%2BUvShHERlDY9ylLT5c6L8M5YYtkm82Y2cRlwkTTDIXno30g9tT0BKB%2BLuNwUEtPehBI32c5gsNDHakUveKg1cnyNVarvbzJtZHfTbbVWRyElSpoZ9DSEeA%3D%3D,10297558,https://www.instagram.com/audimarissa,True
austinmahone,https://imgp.sptds.icu/v2?mb0KwpL92uYofJiSjDn1%2F6peL1lBwv3s%2BUvShHERlDY9ylLT5c6L8M5YYtkm82Y2tgO1MO5cPhYX7Hk87iypeFhgLbglTONqEHlpUdO0%2BQoNK2WGKDAiRENwVaYRKuPGSPYQVRYx3r01fjxpAgWgMg%3D%3D,10172669,https://www.instagram.com/austinmahone,True
nianaguerrero,https://imgp.sptds.icu/v2?mb0KwpL92uYofJiSjDn1%2FwhUJ1%2FNXXRjONnAKi8gX70c2nC72MyIwe8rY3gqtHPv%2BOY6GAGoqr8CzmoLS7Y0SoDNrsb8VwZcXOQwNqJWKNQjpNNtXkidbYvOeP4QPGu0p30k6pTM75D%2B8fM7RKyhJazj0LfgR%2FMX3RNnS9WrxYI%3D,10031937,https://www.instagram.com/nianaguerrero,True
lanacondor,https://imgp.sptds.icu/v2?mb0KwpL92uYofJiSjDn1%2F6peL1lBwv3s%2BUvShHERlDY9ylLT5c6L8M5YYtkm82Y2SIZoB3XsrhHTXalwNaSjI4we6RLXrhj6oJMU3En%2B94U%2BPk6QSMNF0Fe9yriLUH%2FQLgkoiWJdnZGXSJn5J3YAGw%3D%3D,9974939,https://www.instagram.com/lanacondor,True
billboard,https://imgp.sptds.icu/v2?mb0KwpL92uYofJiSjDn1%2F6peL1lBwv3s%2BUvShHERlDY9ylLT5c6L8M5YYtkm82Y2G91XKBCXH%2FaRvPQ7BqLAGKNLNS1kA4O3HY0hlmLUvnZ0%2FKPA%2FlMwMkEgiRlgqWm6p4zvVBp8QJgDH1TJjPFR9g%3D%3D,9897376,https://www.instagram.com/billboard,True
hoodvideoswtf,https://imgp.sptds.icu/v2?mb0KwpL92uYofJiSjDn1%2F6peL1lBwv3s%2BUvShHERlDY9ylLT5c6L8M5YYtkm82Y2%2F%2FjhQZ9%2FmZmrzs0jiPoj0L1lUFB1mhvhZuXJgbE%2F3pLMAHImXybZoHbQfO4c8A14hlo8lzyZBtNKvo8lxWBRxA%3D%3D,9564297,https://www.instagram.com/hoodvideoswtf,False
blythe,https://imgp.sptds.icu/v2?mb0KwpL92uYofJiSjDn1%2F6peL1lBwv3s%2BUvShHERlDY9ylLT5c6L8M5YYtkm82Y2%2F95h%2FxFyNT%2FGTDggrqoP%2FpFFNSGRbxXD66ZBszzoy8td5JgG77UYH0Zzu5H42lCJTTSHZmyj1bLzPAxnXZUMAw%3D%3D,9485391,https://www.instagram.com/blythe,True
naomi,https://imgp.sptds.icu/v2?mb0KwpL92uYofJiSjDn1%2F6peL1lBwv3s%2BUvShHERlDY9ylLT5c6L8M5YYtkm82Y2ezTHghNjHoP7o7QKxKUe8yxpkAfhQCoRT%2BHOG4nmlSp9B7swvogcRaFn9MlOBXmF%2Bsh1fjDsVbMuQGc%2BK7wHgw%3D%3D,9456609,https://www.instagram.com/naomi,True
lilly,https://imgp.sptds.icu/v2?mb0KwpL92uYofJiSjDn1%2F6peL1lBwv3s%2BUvShHERlDY9ylLT5c6L8M5YYtkm82Y2cT86BbRMNEz0cPLCX1YwJY0t%2FTQxsFA0aLFcOiFBShPuIn%2BipxGhKAaDBI23HjO6RQl2nnB7zAJGjgeLTGtBaQ%3D%3D,9437870,https://www.instagram.com/lilly,True
claudiaalende,https://imgp.sptds.icu/v2?mb0KwpL92uYofJiSjDn1%2F6peL1lBwv3s%2BUvShHERlDY9ylLT5c6L8M5YYtkm82Y2v%2BKYRY9hIUCGOReASJ4pnV8k8pwgD29EBXAo3hu8aAUc40dbzpOqj%2FOWypb8%2FZbgOJXCfeAiRqmSrQyfE4CXrw%3D%3D,9269872,https://www.instagram.com/claudiaalende,True
chinitaprincess,https://imgp.sptds.icu/v2?mb0KwpL92uYofJiSjDn1%2F6peL1lBwv3s%2BUvShHERlDY9ylLT5c6L8M5YYtkm82Y2f6XdxL2dY6sctX0FjIXL8jkYMI%2BmHCtGqa9PWbLL6O6h8xnSp96zaVQk7wueKEi8tR5YBeWSUYdumYmjH6EGXQ%3D%3D,8893079,https://www.instagram.com/chinitaprincess,True
steveaoki,https://imgp.sptds.icu/v2?mb0KwpL92uYofJiSjDn1%2F6peL1lBwv3s%2BUvShHERlDY9ylLT5c6L8M5YYtkm82Y2DZTyEkLxCLfNfgH8Xhod33s8JdaBxV%2BJ%2Fir4WkttCixgsco3heneNe%2BF9NOxoN0Juom8lJgKz3L7I3ScfZU1Ow%3D%3D,8887638,https://www.instagram.com/steveaoki,True
daraxxi,https://imgp.sptds.icu/v2?mb0KwpL92uYofJiSjDn1%2F6peL1lBwv3s%2BUvShHERlDY9ylLT5c6L8M5YYtkm82Y2%2FSP5PMqO7jM6iK0e5Ex3phIHO4a3%2BiA9PuPpTJZ7Ngmb2Eb4tg1ewLovyParCh9IogU8QORhEb2WKlV%2Fn0UU1A%3D%3D,8591184,https://www.instagram.com/daraxxi,True
supassra_sp,https://imgp.sptds.icu/v2?mb0KwpL92uYofJiSjDn1%2F6peL1lBwv3s%2BUvShHERlDY9ylLT5c6L8M5YYtkm82Y2H2qtXfo6%2FArz8qpS51aknrAlMP8oW3TXBfesq5SLQKZVxeIbaW172mWAeCtPeOyU0Wu%2FGlYUdFZYfeCJRyLNDA%3D%3D,8471309,https://www.instagram.com/supassra_sp,True
michelleziu,https://imgp.sptds.icu/v2?mb0KwpL92uYofJiSjDn1%2F6peL1lBwv3s%2BUvShHERlDY9ylLT5c6L8M5YYtkm82Y2oeyeuu9Xii6A81YOByuofstRlyu9OER2hVY%2Buu55RwSsMUKDYpzP2KyNiY6Sp2qU4B9zHZK2WBXHAdKbupTTjg%3D%3D,8386604,https://www.instagram.com/michelleziu,True
iammajasalvador,https://imgp.sptds.icu/v2?mb0KwpL92uYofJiSjDn1%2F5SMWicq7SlH5rgi5nm5rqEc2nC72MyIwe8rY3gqtHPvd2nEuqAZ6Of7Shk3b7QpFXv2thJVWCKdzyuyTmBEFYy2ebVuIZ9Q8CSNBLqL1sk1q5ZaOxlZ8IGLiwwfI63xBqzj0LfgR%2FMX3RNnS9WrxYI%3D,8332860,https://www.instagram.com/iammajasalvador,True
ppteamlesslie,https://imgp.sptds.icu/v2?mb0KwpL92uYofJiSjDn1%2F6peL1lBwv3s%2BUvShHERlDY9ylLT5c6L8M5YYtkm82Y2Jch0PclpnnD8DV2lhgMjFnWKx%2FCx9peJLBB3OT5Wb4fhGc39Bc47J3trSFqDRaymI0TdGzkPxB0SxT3e6ciDOQ%3D%3D,8107727,https://www.instagram.com/ppteamlesslie,True
boy_pakorn,https://imgp.sptds.icu/v2?mb0KwpL92uYofJiSjDn1%2F6peL1lBwv3s%2BUvShHERlDY9ylLT5c6L8M5YYtkm82Y27of4ArKjDQ098b0asUfPQDFGI3KXkFBZFKC4kJ7isaolPE4EYeO%2FjEuSGzJKeeuCqEOvxXGXhe6BvjmGVwkRrg%3D%3D,8105253,https://www.instagram.com/boy_pakorn,True
seungriseyo,https://imgp.sptds.icu/v2?mb0KwpL92uYofJiSjDn1%2F6peL1lBwv3s%2BUvShHERlDY9ylLT5c6L8M5YYtkm82Y2IUsJYj8jueqDpl53tRnn%2FBVOBw0xYuzMX3UUGR2V%2FMEPsvWUi7QyTxo5KteIjsx%2FMgwfwXgONuRHolXM2oeWwA%3D%3D,8046033,https://www.instagram.com/seungriseyo,True
lalioficial,https://imgp.sptds.icu/v2?mb0KwpL92uYofJiSjDn1%2F6peL1lBwv3s%2BUvShHERlDY9ylLT5c6L8M5YYtkm82Y2EwXjkHyLaawbg3k5q6UwDJ24dk%2Bo0hcAzQVJLnhzCwm6tCBIEj5SSQqtnpTP66u%2FmbENg4zCEHfaud7sO%2FGKsQ%3D%3D,7857037,https://www.instagram.com/lalioficial,True
angelababyct,https://imgp.sptds.icu/v2?mb0KwpL92uYofJiSjDn1%2F6peL1lBwv3s%2BUvShHERlDY9ylLT5c6L8M5YYtkm82Y2B3EwKq8rqO9gZvOIAf7Gf%2B0qA97j8Ws8ol4XwrcWz4QR8XwugAM%2BxiGqRtdEcW6urOPQt%2BBH8xfdE2dL1avFgg%3D%3D,7856552,https://www.instagram.com/angelababyct,True
guess,https://imgp.sptds.icu/v2?mb0KwpL92uYofJiSjDn1%2F6peL1lBwv3s%2BUvShHERlDY9ylLT5c6L8M5YYtkm82Y2dEplmPSuu6Dg74QJA0qJoK%2FUff2mKRk0SKfMR6DQZXJZ5vH2IUg2jP9rhGRwp%2BrZRQl2nnB7zAJGjgeLTGtBaQ%3D%3D,7787155,https://www.instagram.com/guess,True
thechainsmokers,https://imgp.sptds.icu/v2?mb0KwpL92uYofJiSjDn1%2F6peL1lBwv3s%2BUvShHERlDY9ylLT5c6L8M5YYtkm82Y25NHwHL%2FwFKD9ErBJoVD7BaWPR5xcKyONy1FmWk%2FehqiAaRLgo8ybQjaJQ%2FdOHZ9ud%2FI%2FaUDNreWTIKwoNs510g%3D%3D,7660800,https://www.instagram.com/thechainsmokers,True
zizanrazak869,https://imgp.sptds.icu/v2?mb0KwpL92uYofJiSjDn1%2F6peL1lBwv3s%2BUvShHERlDY9ylLT5c6L8M5YYtkm82Y2Iqadloe2rSpSS3eDYuafBDWzFvKA4uNDhONOZTM%2Bu7NcerypTzhigo4ffCdTDEsr9stpWIjVu5SKjUcffBXSsA%3D%3D,7460979,https://www.instagram.com/zizanrazak869,True
punpun_sutatta,https://imgp.sptds.icu/v2?mb0KwpL92uYofJiSjDn1%2F6peL1lBwv3s%2BUvShHERlDY9ylLT5c6L8M5YYtkm82Y2Hz0hC%2B7VStrTo0mH1zE53kbfIeKi1sIoGZr72MhkMp8zQ48c0N%2B5fGHXIcWDkzjrTecpH386ns6C9LMLSMoz5g%3D%3D,7438642,https://www.instagram.com/punpun_sutatta,True
sueannadoodles,https://imgp.sptds.icu/v2?mb0KwpL92uYofJiSjDn1%2F6peL1lBwv3s%2BUvShHERlDY9ylLT5c6L8M5YYtkm82Y2C%2BP2xvQhxcgBbRA%2BiN0cD1%2B%2Fsiv1rVbDQgHNipNRlba9HihkAt9pNSdRIgAFWBfVlYXyqVQpQF5txnZkb5YALQ%3D%3D,7246113,https://www.instagram.com/sueannadoodles,True
chikajessica88,https://imgp.sptds.icu/v2?mb0KwpL92uYofJiSjDn1%2F6peL1lBwv3s%2BUvShHERlDY9ylLT5c6L8M5YYtkm82Y2pChKBL1KlMrJscoEvHnxIumk73w3BVUyS18v0mvAgD%2BDyFD%2BZ54oRw0NqOAijHSHP%2Fio%2B%2FPJVv7J12xU6SeS2g%3D%3D,7225090,https://www.instagram.com/chikajessica88,True
somsomi0309,https://imgp.sptds.icu/v2?mb0KwpL92uYofJiSjDn1%2F6peL1lBwv3s%2BUvShHERlDY9ylLT5c6L8M5YYtkm82Y2lxYUf0vU3PZLAZGgTq%2F7xhxLZX%2BLbqKGda2PZYndc43KuUG1fgpEdpFr9pDo07nxsk7rCXveENc8QrIoOjbzAw%3D%3D,7207036,https://www.instagram.com/somsomi0309,True
miyayeah,https://imgp.sptds.icu/v2?mb0KwpL92uYofJiSjDn1%2F6peL1lBwv3s%2BUvShHERlDY9ylLT5c6L8M5YYtkm82Y2Q0hL3K2x0OIG5LN1PYqPLqr2HYhH1L2Ges1QJGnlzh9V1hBycQ60mOE2MrJrDOzPTxF5ydp%2FXIK8huQ1iUy4iw%3D%3D,6519055,https://www.instagram.com/miyayeah,True
tiesto,https://imgp.sptds.icu/v2?mb0KwpL92uYofJiSjDn1%2F0MxdG1TageTvcfUnxxVBkQc2nC72MyIwe8rY3gqtHPvh7dESaXAtC9aWteP3Ff07hJntGsT5i%2FzTBoynqJagZKG%2FFoYpnhl%2BCyDpAXHWniCa0vdIt512SHSffL%2FydCHCqzj0LfgR%2FMX3RNnS9WrxYI%3D,6329536,https://www.instagram.com/tiesto,True
josephineskriver,https://imgp.sptds.icu/v2?mb0KwpL92uYofJiSjDn1%2F6peL1lBwv3s%2BUvShHERlDY9ylLT5c6L8M5YYtkm82Y2kwwx0XYYsqf5eADZzDtyFS0%2BGJPyg4r1gJ0LQ7k5n7Brem9Q7kuZhwSIGAN4kHgMXgFfmIF8BfVwHrbLHCBhaQ%3D%3D,6203429,https://www.instagram.com/josephineskriver,True
rap,https://imgp.sptds.icu/v2?mb0KwpL92uYofJiSjDn1%2F6peL1lBwv3s%2BUvShHERlDY9ylLT5c6L8M5YYtkm82Y2VK57TCrsAVsmHVxez%2BtGIDzuu0dk2qe1L6kc8ZKrmQ76DkTcBSynfCLeZINtritqsZTOwdHPM2Tn%2BCmub0e%2FGA%3D%3D,6194831,https://www.instagram.com/rap,True
bebytsabina,https://imgp.sptds.icu/v2?mb0KwpL92uYofJiSjDn1%2F6peL1lBwv3s%2BUvShHERlDY9ylLT5c6L8M5YYtkm82Y2VcH7BLgNK2ZD5UWJVSd4VmdXfhQY%2FSKrzlRv7VYVJ0Gsj8ElVyJKFtmxJL28PDNqhlo8lzyZBtNKvo8lxWBRxA%3D%3D,5924275,https://www.instagram.com/bebytsabina,True
diplo,https://imgp.sptds.icu/v2?mb0KwpL92uYofJiSjDn1%2F6peL1lBwv3s%2BUvShHERlDY9ylLT5c6L8M5YYtkm82Y2LtcUrIizXD91gJRYiYKORAgM1hEEzY%2F5OFWLYW%2FUFNBYIhOA%2BXxqWxnbcSqxGsnlqpW5fhSadvB0k8GCG2KLeQ%3D%3D,5847813,https://www.instagram.com/diplo,True
spotify,https://imgp.sptds.icu/v2?mb0KwpL92uYofJiSjDn1%2F6peL1lBwv3s%2BUvShHERlDY9ylLT5c6L8M5YYtkm82Y23nmSHA6afFg%2B5aTQIbZtEvSnSP6pEe5O7Dmg6w9QWUUYmOkmWlrmNUxCj%2FKH4A%2BJE8fEj7duRZosIsoPTvLsOg%3D%3D,5676001,https://www.instagram.com/spotify,True
normani,https://imgp.sptds.icu/v2?mb0KwpL92uYofJiSjDn1%2F6peL1lBwv3s%2BUvShHERlDY9ylLT5c6L8M5YYtkm82Y2Ta%2ByOwLvi9CQZluP5bD5w88Mjkd3ueeZowEtEsFj6lTiw6BXCKuK%2FSvM40cTgpwX0DxuepwZAawXDOjNyZt%2BHQ%3D%3D,5601267,https://www.instagram.com/normani,True
maymay,https://imgp.sptds.icu/v2?mb0KwpL92uYofJiSjDn1%2F6peL1lBwv3s%2BUvShHERlDY9ylLT5c6L8M5YYtkm82Y2dj3lcu9ASDWxHfKbt6E2dPu%2BoAPqB0t0ArwwXtrr7sFB7UzyuvdOVzOnCL%2FjeNKo8Nw6UEEymKjsh%2FUayeDSSw%3D%3D,5397653,https://www.instagram.com/maymay,True
pokimanelol,https://imgp.sptds.icu/v2?mb0KwpL92uYofJiSjDn1%2F6peL1lBwv3s%2BUvShHERlDY9ylLT5c6L8M5YYtkm82Y2exYRljzALFFBqJqZDat%2FaPCJHbKNS5t1Ff5Eb0Ia%2BjTP3z3ipUqG40Ho55Wep6sJ7rmAvFgzxAl%2BoWmLb9uBjA%3D%3D,5175107,https://www.instagram.com/pokimanelol,True
steffizamoraaa,https://imgp.sptds.icu/v2?mb0KwpL92uYofJiSjDn1%2F6peL1lBwv3s%2BUvShHERlDY9ylLT5c6L8M5YYtkm82Y2llgHGA9juvmRMFAlPf7LZqxPPI%2FZaRbvGD4MVM8MBG3YDtcJl5GU3fBKu8TcqEd30uxND4UpxNxLcWB%2BHWGsGQ%3D%3D,5042562,https://www.instagram.com/steffizamoraaa,True
ellacruz,https://imgp.sptds.icu/v2?mb0KwpL92uYofJiSjDn1%2F6peL1lBwv3s%2BUvShHERlDY9ylLT5c6L8M5YYtkm82Y2fDeIE5wDcJ1QE0en2pZylQKRQuDONMYjIWn9uHYS0p1rQUv9g4A4da9CEcRjQkAfTqpKWu3U%2FftDjOo5kCvNeQ%3D%3D,5027126,https://www.instagram.com/ellacruz,True
3.1415926535897932384626433832,https://imgp.sptds.icu/v2?mb0KwpL92uYofJiSjDn1%2F6peL1lBwv3s%2BUvShHERlDY9ylLT5c6L8M5YYtkm82Y2S8yuQrMmZpIQbirruMg6CmCPwLBI6U7tVSZfvpM3upmoWiJh2NTFGPaWieh74pgENtmTASmVeQfMkkWLRt8CiA%3D%3D,5014346,https://www.instagram.com/3.1415926535897932384626433832,False
krisdayantilemos,https://imgp.sptds.icu/v2?mb0KwpL92uYofJiSjDn1%2F6peL1lBwv3s%2BUvShHERlDY9ylLT5c6L8M5YYtkm82Y2AhliB%2FQZRzkTmucmANLBt87DggOvkHPpotcyIG8qy7sqU4CtjX%2BZ16Elc10RECp0wyPAoaerP6YBVAmhVxNlIQ%3D%3D,4948629,https://www.instagram.com/krisdayantilemos,True
senoritasaeva,https://imgp.sptds.icu/v2?mb0KwpL92uYofJiSjDn1%2F6peL1lBwv3s%2BUvShHERlDY9ylLT5c6L8M5YYtkm82Y25kDqoJvd%2B9QwVjVLR1uhiRT1%2Ft93Mbpzt09%2FWs9LgRsGvhtIvJhQlhxC7%2FKGPZYn1xSdxIXMxmfu86OUknn9gw%3D%3D,4871406,https://www.instagram.com/senoritasaeva,False
